ID,리뷰어,리뷰날짜,리뷰텍스트
1,0_** ,22.03.14,"고고싱 옷은 늘 가격대비 퀄리티가 좋다고 생각합니다, 자켓도 생각보다 퀄리티있었습니다 다만 옷 상태가 그래도 돈주고 산건데..먼지 투성이에 새상품 아닌 중고장에서 주워온것같은 상태로 배송이 와서 쇼핑한 기분은 안났습니다, 배송 과정에서 옷이 구겨진 정…더보기"
1,le** ,23.11.03,키가 작다보니 큰 자켓은 싫어서 고민을 많이 했어요. 이 제품은 제가 본 자켓중에서도 작은 편인데 가격까지 너무 착해서 믿어도 되나 싶었어요. 입어봤는데 전체적으로 작아서(특히 팔) 안에 두꺼운 옷은 못 입겠더라구요. 그래도 저는 대만족이에요! 핏 괜…더보기
1,jj** ,23.09.13,"허리라인이 있는지 몰랐는데 살짝 허리라인이 있어서 오버핏, 캐쥬얼보다 약간 정장같은 느낌이 있어요. 그래서 쫌 아쉽기는한데 그래도 가격대비 만족해요^^"
1,br** ,22.05.16,"요즘 자켓이 사고싶어져서 여기저기 찾아봤는데 , 체구가 작다보니 입으면 죄다 아빠양복 자켓 크기라 고민하고 있었는데 역시 고고싱 👍🏻 평소에 이 사이트가 저랑 맞는게 많아 자주 시키는데 , 이번에도 배송도 하루만에 오고 !! 그리고 제 체구에 맞는…더보기"
1,es** ,22.04.21,솔직히 재질이 좋다곤 얘기 못하겠지만 이만한 가격에 이런 자켓 구하기는 힘들듯.. 안에 두꺼운 옷 입어도 넉넉할것같아서 좋아요 세모로 떨어지는 끝부분 핏은 쪼끔 아쉬운데 팔 안벌릴땐 또 상관없어짐
2,do** ,23.10.08,"기본 검은 블레이저가 활용도가 좋아서 사고싶어서 이 기회에 구매했습니다!
솔직한 후기는요,
키150 몸무게 40한테 큰 오버핏이어서
캐주얼하게 입기에는 길이가 괜찮고, 저는 쪼금 길이를 줄이려고합니다.
그리고, 정말 얇습니다. 몸을 돌렸을 때 자켓이 …더보기"
2,bg** ,23.10.06,"와... 이 가격에 이 퀄리티 맞아요?
진짜 얇을 것 같고 별 기대 안 했는데 생각보다 퀄리티가 너무 좋아요!!!!
실밥 삐져나온 것도 하나 없고 진짜 다 완벽해요
길이도 160 기준 엉덩이 바로 밑! 딱 좋아용
그리고 얇지도 않아서 가을에 입기 딱 …더보기"
2,yh** ,21.09.26,"재질도 엄청 탄탄하고 요즘같은 일교차 큰 날씨에 입기 딱 좋아요 키168인데 엉덩이 반정도 가려집니다! 소매는 팔이 긴분들은 좀 짧다고 느껴지실 거 같아요! 
저는 딱 괜찮았습니당!! 입었을때 부해보이지도 않고 딱 좋았어용"
2,da** ,23.10.02,정장을 입는 타입은 아닌데 나이를 먹으면서 단정한 자켓이 꼭 필요해져서 구매 하게 됐어요 블랙 불레이저는 워낙 무난템이다보니 요기서 살지 저기서 살지 엄청 고민 했는데 사길 잘 했다고 생각 중이에요! 퀄리티가 괜찮아요
2,rn** ,23.11.01,급하게 필요해서 산 자켓인데 키 156 기준 엉덩이 살짝 가려요 입었을때 단정하고 깔끔해 보이구요!! 손등은 살짝 가리는게 조금 커보이긴 하는데 오버핏 다른 자켓들보단 제 체구에 훨 나아요ㅠ 추천합니다~
3,da** ,23.08.08,딱 원하던 색깔이에요! 너무 밝은 회색은 원하지 않았는데 짙은 검정에 가까운 차콜이라 좋았습니다! 기장도 좋고 품도 여유롭게 잘 맞아요. 포장상태도 좋았는데 처음에 냄새가 너무 역해서 좀 빠지길 기다려야 할 것 같네요. 그래도 마감처리 좋고 가격대비 …더보기
3,al** ,23.04.16,기본 검정 블레이저가 없어서 구매해봤습니다 길이는 엉덩이 덮는 기장감이고 팔은 딱 떨어지는 것 같아요 어깨라인 잡아줘서 이쁘고요 와이드하게 입을때 더 잘 어울리는 것 같아요! 아주 만족 중 입니당 손이 자주가요
3,mi** ,23.04.02,"어깨가 직각이고 넓은 편이라 너무 오버핏이면 어깨가 태평양같을 것 같고, 또 너무 딱 맞으면 너무 차려입은 느낌이 날 것 같아서 약간 오버핏인 자켓을 찾고 있었는데요! 딱 이 자켓이 그런 느낌인 것 같아요

약간 오버핏이라 어디에든 휘뚜루마뚜루 잘 입…더보기"
3,iu** ,23.11.01,키 작고 마른 체형인 분들은 이 자켓이 짱입니다… 당장 사세요… 몇년 전부터 살짝 오버핏인 자켓 사고싶어서 여기저기 사봤는데 아빠정장 빌려입은 것마냥 어깨나 품이 다 커서 반품만 5-6벌 했었는데 요걸로 정착했습니다…  어깨도 살짝 보완하는 정도고 카…더보기
3,sh** ,23.10.26,"울산사는데 배송빨랐어요.162에 55고 s로 주문했습니다
핏은 원하던 정사이즈 핏이고 소매가 손목끝부분까지 오더라구요.조금더 긴게 좋았지만...그래도 기장은 엉덩이 절반은 덮었고 안감색을 겉과 맞춰준거 좋았습니다.무엇보다 배송상태 좋았어요.옷걸이에 걸…더보기"
4,ch** ,22.05.02,"다른 라인의 자켓을 사고 가격이 좀 더 싸지만 비슷하고 색이 이쪽이 더 마음에 들어서 샀는데 싸서 그런지 밝은색이라 그런지 싼티가 좀 나요ㅠㅜ 탄탄하지 못해서 반듯한 느낌이 없어요. 그리고 색상이 실제로 보는거랑 좀 달라서 몇번을 확인했어요, 제가 크…더보기"
4,kh** ,23.03.23,"무난한 자켓으로는 진짜 대박적 아이템입니다
목이 짧고 가슴이 커서 자켓 셔츠류가 정말 안 어울리는 사람인데 이건 찰떡같이 잘 받아요 캐주얼하게 흰 티에 청바지 입어도 되고 안에 원피스 입어도 예쁠 듯 합니다 자켓= 로렌하이임 저같이 목 짧은 여성들은 …더보기"
4,w5** ,23.09.27,리뷰보고 사는편입니다   오버핏은 싫고  어깨는 맞으며 약간 낙낙한 핏을 원했는데 딱 괜찮구요   어깨는 약간 큽니다    길이가 가장 맘에 들고 두께도 지금 부터 늦가을까지 입기에 좋을것 같아요
4,kk** ,22.04.23,"일단 4.21일 밤늦게 주문해서 4.23일 낮에 받았습니다.
퀄리티는 가격값..합니다. 네.
핏도 정사이즈 핏이구요. 리뷰보다는 실밥상태 좋았습니다. 구김도 조금?있었고 냄새는 아무냄새도 안났습니다.
아쉬웠던건 색..제가 갤럭시 기종에 블루라이트 차단…더보기"
4,hw** ,22.04.15,"색은 화면과 비슷하구요!다만 등쪽이 타이트한
느낌이 있어요 ㅠㅠ그래서 단추 채운것보단 푼게
예쁘더라구요.그리고 생각보다 얇지않아서 지금 입기 딱 좋습니다.구김이 잘 생길 수 있어서 조심해야할것같아용 그래도 가격대비 만족합니다~"
5,so** ,22.09.18,날씨가 갑자기 더워져서 거의 입지 못하고 들고만 있었지만 그래도 핏은 원하던 핏이여서 그냥 저냥 만족합니다~ 그리고  원하던 재질이 아니긴 했지만 핏도 핏이고  급하기도 했고 그래서 그냥 입으려구요~~
5,s1** ,22.05.06,상체에 살집이 조금 있는 체형이라 핏이 예쁘게 떨어지지 않을까 조금의 걱정이 있었는데 생각했던것보다 훨씬 낙낙한 핏이고 어디에나 믹스매치해도 잘 어울리는 깔끔한 디자인이라 완전 만족스러워요 ! 두께감이 얇은 편이라 완연한 여름과 겨울 아니면 어느 계절…더보기
5,ye** ,22.04.19,생각한 것보다 사이즈가 더 큰 것 같아서 놀랐어요. 근데 그 덕에 핏이 더 예쁜 것 같기도 하네요. 아쉬운 건 가슴쪽에 있는 관상용 주머니(?) 마감이랑 전체적으로 먼지가 붙기 쉬운 재질?이라고 해야 할까 잘 관리해야 할 것 같아요. 근데 이 가격에 …더보기
5,dm** ,21.11.02,이번에 데쥬에서 산 것 중에 가장 마음에 들어요! 우선 핏이 예쁘고 질도 괜찮아요. 다른 곳에서 2배정도 가격의 옷을 샀었는데 더 두껍고 질이 좋은 편이긴 했지만 핏이 너무 안예뻐서 반품했었어요. 통통한 분들은 이거 입니다! 남여공용이래서 너무 커서 …더보기
5,kj** ,21.08.12,"어깨패드 있는듯 없는듯 하고
전체적으로 가격에 비해 만족하는 핏,디자인인거같아요
아쉬운건 어깨가 좀 더 탄탄했으면 하거나 소매부분이 저렇게 브이자로 마감된거나 가슴부분에 비스듬하게 박음질된게 아쉬워용
그래도 싼가격에 이정도면 선방한듯?"
6,sh** ,22.08.30,가죽자켓 처음 사봐요 그런데 생각보다 덩치를 크게 만들어주네요 그래도 옷은 예뻐요 그리구 소매에 박음질 이거 뭔가요 ㅋㅋㅋ 검수 스티커는 왜 붙였는지 이해가 안되요! 교환하기 귀찮아서 그냥 입을거지만 검수 더 열심히 하셔야 할듯해요;
6,bj** ,22.05.07,"생각보다 커서 66 정도분들이 입었을때 딱 예쁜 핏일 거 같아요!!!!
44분들이나 좀 마르고 키 아담하신 분들이 입으면 넘 아빠 옷 뺏어입은 느낌 날듯용
166인 저한테도 좀 컸어요 
전체적인 퀄리티는 가격대비 만족했구요 배송도 생각보다 빨리 와서 …더보기"
6,du** ,22.04.19,"진짜 이번 봄 교복 처럼 입고 다닙니다. 라인이 들어간 라이더가 아니고 자켓 처럼 가볍게 입을 수 있어서 적당한 보온과 핏도 아주 좋아요!! 청바지, 슬랙스 정말 아무데나 잘 어울리고. 가격대비 재질도 좋은 듯 합니다ㅎㅎ"
6,sk** ,22.04.14,"배송 느리다고 써있어서 다른 상품이란 따로 주문했는데 다음날 바로 출발했어요 이틀안에 받았습니다
170한테 조금 짧지만 품이 넉넉해서 껴입기 좋아요
근데 주머니가 다 찢어져서 왔네요..ㅎ검수 완료라 써있던데 너덜너덜하네요 그냥 교환하기 귀찮아서 입습니…더보기"
6,ls** ,23.11.07,"사이즈도 잘 맞고 탄탄하고 너무 옙버요ෆ 
라이더 사고 싶었는데 98도씨꺼 짱이에오 진짜!
지퍼 많이 달린 라이더 보다 베이직한 디자인 찾고 있었는데 완전 맘에 들어용"
7,lj** ,23.09.29,"키 173 기준 엉덩이 다 덮습니다! 적당히 오버한 블레이저를 찾았는데 넘 만족햐요 ,, 작지도 크지도 않고 딱 적당한 사이즈예요! 제 스타일에 안 어울릴까봐 한참 고민하다가 구매한건데 생각보다 휘뚤일거 같아요 ㅎㅎ 
근데 넘 주름이 심한 상태로 배송…더보기"
7,mc** ,22.10.18,"배송 온 당일 겉만 보고 괜찮아서 택 떼고 걸어뒀다가 다림질 하면서 발견했는데ㅎ.. 팔 안감이 다 뜯어져서 좀 심각해보이길래 문의남겼더니 뭐 아무것도 안된다구 하네용 핳ㅎ
모두 안감 잘 확인하고 택 제거하세요 ㅎ…
그리고 은근 얇아요~~!"
7,le** ,22.09.07,"보이는 후기만 보고 사이즈표도 얼추 오버핏이길래 구매했습니다!
막 아빠핏이라는 평이 많아서 난 오버핏 나오면 대성공인거다~하고 구매했어요 ㅋヲ
받고 착용해보니 아하!...😳
너무 슬림핏 느낌이길래 뭐지?̊̈ 상품명 다시 보고 후기 다시 보는데 이제야…더보기"
7,pn** ,21.10.19,"가격대비 퀄 좋아용!!!
근데 제가 키가작아서 그런지 좀 크긴커요 코디 잘해서 입으면 스타일리쉬해보이는데 그렇지못하면 아빠옷걸친느낌 ㅠㅠ 그래도 전 너무만족하고 잘 입고다니고있어요 이쁜옷감사해요!!!"
7,oe** ,21.08.28,"가격 대비 굿
핏은 오버핏 수준이 아니고 아빠핏ㅇㅇㅇ
추워해서 아부지가 겉 옷 벗어 준 거 같아 보이는 면이 있음
그래서 입을랑말랑 하게 걸쳐 입어야 함
아직은 더워서 들고 다녔는데 만족

가격대비 질이 좋음
처음 입을 때 정리 안된 실 많으니 열심히…더보기"
8,s2** ,22.10.02,"입었을 때 핏이 예뻐요 ♡ 

작은 실밥은 정돈하면 될거같구 
옷 안쪽의 약간의 구겨짐도 
입을 때 문제없어서 바로 입고나갔어요 ~ 

팔을 들면 불편해서 그 점이 약간 아쉽지만 
그래도 그것 빼고는 생각한 대로의 
색감에 핏이 예뻐서 소장했어요 ♡ …더보기"
8,qs** ,22.04.21,"크롭을 살까 스탠다드를 살까 고민했는데 크롭을 샀으면 좀 짧았다고 생각할정도로 스탠다드가 딱 핏을 잡아줘요
팔길이도 적당하고 원단도 각이 잡혀있어서 지금 딱 입기 좋아요.
다만 이런 디테일들은 좀 아쉽네요."
8,dh** ,22.04.17,요즘 다 길게 나오는 자켓이 대부분인데 키가 작아서 정사이즈 자켓이 있으면 좋겠다는 생각에 찾았어요! 길이랑 품이 적당해서 아주 좋아요! 몸통?부분은 좀 큰 감이 있지만 그래도 이정도는 괜찮은 것 같아요. 근데 배송 받았을 때부터 몸통부분에 점박이?처…더보기
8,ka** ,22.04.17,"옷은 딱 생각한 그대로입니다~ 키가 좀 작고 아담한 체구이신 분들은 호불호 없이 다 잘 맞을것 같아요~!
엄청 오버핏은 아닙니다! 어깨뽕 과하지않아요
살짝 라인 들어가 있습니다~ 롱스커트, 바지에 다 잘 어울려서 좋아요☺️ 다만 한가지 아쉬운점은 뒤에…더보기"
8,hy** ,22.04.16,"기본적인 자켓 사고싶었는데 만족합니다!
두께가 생각했던 것 보다 두꺼워서 좀만 더 지나면 못입을 것같아요! 진짜 봄 가을?에 엄청 춥지도 덥지도 않은 적당한 날씨에 좋을 듯해요
기장은 엉덩이 안 덮고 엄청 짧지도 않아요 적당!"
9,le** ,23.03.18,"색감이 회갈색 느낌에 아이브로우 색상에서
찾아볼 수 있는 색상이라 뭐라 설명드리기
어렵지만 사진에 나온대로 여기저기 돌아다닐 때마다
햇빛, 조명에 따라 색감도 많이 바뀌더라구요 😓

그래도 무난하게 입고 다니기 좋았고 무엇보다
시크하면서도 따순느낌을…더보기"
9,jn** ,22.11.11,"상당히 오버핏으로 입고 싶었기 때문에 사이즈 고민을 많이 했는데 저와 비슷한 체형에 저처럼 확실한 세미 오버핏 원하신다면 M사이즈로 가는 게 맞는 것 같아요 !
((제품명이 오버핏이기에 정사이즈예요 눌렀습니다

1,2번 사진처럼 후드티 위에 입고 싶어…더보기"
9,ru** ,23.10.12,"(수정 : 여러분, 옷 마감 확인 제대로 하세요ㅠ 전 손목 부분 박음질 엉망입니다ㅠㅠㅠ 길이도 안 밎아요ㅠ)
배송 빨랐습니다. 옷 퀄리티 나쁘지 않습니다.
얇지 않고 조금 두깨감이 있어서 가볍지는 않아요.
핏도 괜찮고, 소재가 몸에 닿는 느낌도 괜찮아…더보기"
9,nl** ,23.10.07,저번에 자켓 두가지 샀었는데 너무 잘입고다녀서 직진배송으로 시켰어요. 이전 꺼랑 디자인이 바뀐건지 직진배송만 다른건지 모르겠으나 손목쪽 디자인이 약간 다르고 만졌을때 재질이 약간 다른 느낌이 들어요. 두께는 유의미한차이는 아니고 0.01~2정도 두꺼운…더보기
9,rh** ,23.10.06,길이도 품도 넉넉해요!! 저는 어깨가 있는 55사이즈인데 작은 걸 할까하다가 리뷰보고 안에 조금 두꺼운 옷 입으려면 큰거 해도 되겠다 싶어서 넉넉한 사이즈로 선택했어요! s사이즈 했으면 어깨 딱 맞는 길이는 좀 긴 자켓이 되었을 것 같아요 그것도 예쁠…더보기
10,bn** ,22.04.12,"<장점에도 단점에도 안들어가는...>
1. 색감차이가.. 많이나요 사진보고 그레이 위주의 먼지먹은 카키색일 줄 알았는데 엄청!!! 초록빛 돌아요 카키 90 그레이 10의 물빠진 야상색? 올영같은 특정 조명에서 보면 그나마 상세컷이랑 비슷한 색감이 나와…더보기"
10,kk** ,22.03.28,크롭 기장이구 얇아요 !! 날씨 15~20도쯤 입어야 좋을거같아요 색감은 생각했던거보다 조금 어두워서 반품할까했는대 그냥 입어요ㅠ 청바지보다는 검정바지랑 더 잘어울려요 약간 세로줄 결이 보이는 재질이예요
10,en** ,23.04.27,살까말까하다 샀는데 잘샀어요 실물이 훨씬 예뻐요 얇고 가벼워서 쓱 걸치기 좋겠더라구요 갑자기 쌀쌀해져서 못입었는데 여름까지 가능할 것 같아요 걱정 많이했는데 입어보면 훨씬 낫습니다 너무 이뻐요
10,xi** ,23.09.17,무난하고 예뻐요! 어떤 옷에든 잘 어울릴 것 같아요. 놀러갈 때도 출근할 때도 잘 활용할 수 있을듯하네요. 생각보다 얇은 느낌이긴한데 이보다 두꺼우면 이 핏 안나올 것 같아요.. 만족합니다!
10,hj** ,23.09.17,빳빳한 소재일 줄 알았는데 부드러운 소재여서 오히려 좋아!키도 몸집도 작아서 핏 되는 옷 특히 외투 찾기가 쉽지 않은데 남의 옷 얹은 것 같이 않고 내 옷 같아서 첫 번째 만족스러웠습니다. 색감도 사진 그대로 시크해서 두 번째 만족했어요. 짧은 가을 …더보기
11,dn** ,23.08.24,"블루 색상이 마음에 들어서 내추럴도 구매했습니다!
블루는 m이었고 내추럴은 s샀는데,
m은 널널했고 s가 확실히 타이트한 느낌은 있더라구요~
그런데 단추 부분이 꼼꼼하지는 않은 것 같아서 살짝 아쉬워요!
그래서 1개정도 여분의 단추가 옷 안에 달려있으…더보기"
11,sh** ,21.06.30,"프링 린넨 반팔 숏자켓 vs  베이트 린넨 하운드 체크 반팔 자켓

두 개 엄청 고민하다가 너무 예뻐서 두 개다 사벌였습니다..ㅎ
저 같은 사람있을까봐 비교하면서 쓰것슴돠
편의상 프링 리넨 반팔 숏자켓은 ➡️프링
베이트 린넨 하운드 체크 반팔자켓은 ➡…더보기"
11,es** ,21.05.27,"색, 퀄리티 너무좋아요
어깡 얘기많이하시는데 저는 이미 모태 어깨깡패라서
아주 딱맞네요 예예 사이즈 굿입니다
살좀빼소 박시하게 입으면 좋을거가타영 ~~~><
너모예뽀요 두껍긴한데 그래서 더 고급져보입니다 >< 진짜 잘샀네요 이거 ~~~~"
11,rh** ,21.09.08,"자켓이지만 나시에 단추 잠그고 입을 옷을 찾다가 인기 제일 많은 상품으로 뜨길래 포토후기를 거의 다 읽어보고 구매했습니다!
제가 통통한 편인데요 그럼에도 불구하고 넉넉한 품과 큰 어깨는 후기를 읽어보고 s사이즈를 구매하기 잘했다고 생각했습니다!
저는 …더보기"
11,yy** ,21.06.02,너무너무 맘에 들어요~!! 그래서 색상별로 구매하고 다른상품도 오늘 추가 구매햇습니다! 약간 크게 입는게 좋아서 크게 주문햇는데 만족합니다! 어깨깡패된다던데 저는 잘몰겟어요 ㅠㅠ 오히려 적당히 슬림해 보이는 효과를 주는것 같아용!!!
12,ll** ,22.11.12,"첨에 M 으로 샀다가 핏이 너무 어벙벙하고 커서 S 사쥬로 교환해서 받았습니다 결론부터 말하면 제 스펙 정도-이하이신 분들은 S가 딱일 듯 합니당

평소 오버핏 좋아하시고 오버핏으로 입는 분들 아니면 M이 아주아주 어색할 거예요... 첨에 입어보고 이…더보기"
12,kd** ,23.11.10,"자켓은 m사이즈 코트는 s,m 입는데 후기보고 m크다해서 
s주문했는데 안에 니트입을꺼 생각하면 많이 낍니다 ㅋㅋㅋ 
m할껄 그랬어요 ㅠㅠ 쩝 그래도 딱 맞게 입어도 나쁘지 않아서 걍 입네요 상체 있으신 뷴들은 무조건 m하세요 
약간 교복같은 느낌 들…더보기"
12,gu** ,23.11.08,"겁나 예쁨이에요...
사이즈 s랑 m 고민했는데 m샀으면 폼도 그렇고 팔쪽이 컸을것 같아요! 전 하체에 비해 상체가 조금 마른편이라 s딱 좋습니다!
색상도 생각했던 그대로이고 재질도 까슬거림없이 좋아요~
겨울에 안에 두꺼운 니트나 여러겹 껴입고서도 입…더보기"
12,pe** ,23.11.04,같이 구매한 오트밀스커트랑 입으니까 완전 셋업같고 이쁘네요ㅎㅎ 살까말까 고민하다가 결국 오트밀로 샀는데 만족해요!! 핏도 이쁘고 목부분 말이 많아서 고민됐는데 브이넥이랑 입으니까 또 괜찮아요
12,ji** ,23.10.25,"할인가격으로 정말 질 좋은 코트를 좋은 가격에 구매한 것 같아요! 생각보다 두께감이 있어서 겨울에도 한파만 아니면 잘 입을 것 같아요 색상도 어디에나 잘 어울릴
브라운 색상입니다! 품도 딱 적당해요~ 제가 키가 작은데 소매길이가 딱 적당한 정도라 팔 …더보기"
13,go** ,23.10.09,"슬앤자켓 오랜만에 구매했어요
크롭기장이라 다리가 길어보이고 캐주얼하게 입어도 잘 어울리는거같아요
예전에 제작자켓 구매했을 때 소매 걷었을때 지저분한게 별로였는데 이건 깔끔해서 좋아요.
겉주머니는 없지만 이너포켓 있어서 편하고, 자켓 소재는 매끈한 폴리…더보기"
13,ab** ,23.10.04,"봄가을용으로 나온것같은 두께예요! 여름에 입기엔 더워요
요즘처럼 겉옷 입기 좋은 날씨에 걸치면 좋아요
특히나 예식 장례식 또는 격식있는 자리에 입기 가장 무난하고 좋은 기본템이라 오래오래 입을거같아요!!"
13,03** ,22.10.22,"키 157cm. 몸무게 57kg입니다.
키가 작아 숏자켓이 있으면 좋겠다 했는데 잘 샀어요!
자켓이 두루두루 사용도가 너무 좋아요!! 여기저기 잘 어울려!
이번주초에 받고 토욜까지 매일 입은 듯...♡

슬로우앤드에서 같이 산 모션인생수트스커트 그레이…더보기"
13,he** ,22.09.13,"팔목 부분 팔통을 대체 왜 이렇게만들었는지 이해가..
너무 길고 이상해서 꼭 접어서 입어야할듯…
컬러는 흔한 베이지 아니여서 맘에듭니다.
두께감도 있어서 아직 못입고 나가는데 잘 입어지길.. ㅠ
재질은 제 기준 그리 고급진 느낌은 모르겠어요 
다른 자…더보기"
13,01** ,22.04.20,"슬로우앤드 알게된지 얼마 안됐는데 옷 퀄리티가 너무 좋아서 지금 엄청 많이 사고있어요.. ㅋㅋㅋ
거의 슬앤 홀릭됐어요
자체제작 많아서 너무 좋아요 !! 

우선 이 자켓은 진짜 흔하지 않은 색상이라 소장가치있구요 옷 입으면 디게 분위기있어보여요
슬앤에…더보기"
14,ln** ,23.09.07,"170/76 오버핏 맞습니다 ㅋㅋ 지금보다 좀 더 가을이 오면 안에 티입고 가볍게 입기 좋을거 같아요!! 색상이 딱 추울때 입는 색상입니다 너무 많이 구겨져서 와서 그게
아쉬워요 ㅠㅠ 집에 스팀다리미가 없어서 어떻게 해야하나 고민입니다"
14,sl** ,23.07.14,단정하게 걸칠 수 있는 자켓 찾다가 몸에 딱 맞는 옷은 또 싫어하는지라 구입했는데 아주 좋아요. 아마 잠그고 다니진 않을 거 같고 통통한 사람에게도 오버핏으로 착용되는 아주 넉넉함을 자랑하네요. 소매는 걷어서 입어야 할 거 같고 어깨에 패드가 있어 더…더보기
14,pr** ,23.03.30,배송이 생각보다 늦게 오지만 옷은 만족스러워요~ 색깔이 너무 이쁘고 재질도 괜찮은 거 같아요. 조금 루즈피트 느낌이라 편하게 입고 다닐 수 있을 거 같아서 좋아요~! 가격이 비해 아주 괜찮습니다! 강추입니다~~
14,go** ,23.03.11,옷이 생각보다 가볍고 재질이 부드러워요.길이감도 엉덩이를 살짝덮고 디자인이 세련돼서 좋았어요.핏이 일단 부해보이지 않아요.제가 66사이즈 입는데 정 사이즈에요.하의를 어떤거를 받쳐입어도 부담없는 스타일. 강추! 가격!
14,yu** ,23.03.10,"구매평이 좋아서 괜찮다 싶어 구매했어요
많이 구겨져서 오지않아서 바로 입어도 될것 같아요
봄에 원피스랑 입어도 이쁘고 정장.청바지 다 잘어울릴것
같네요! 66사이즈인데 예쁜 오버핏으로 잘 맞아요"
15,fh** ,23.09.17,라이트옐로우랑 그냥옐로우랑 차이점이 컬러감이 아니라 두께감 차이더라구요! 저는 브라운슬랙스에 매치하려고 라이트옐로우 구매했는데 약간만 더 추워지면 입기 딱 좋은 봄가을 자켓이예요! 컬러감도 너무 예쁘고 득템했습니다ㅋㅋ
15,sa** ,23.08.23,"너무 귀여운 핑크 트위드 자켓이다
173, 62 인데 완전 오버핏으로 입고 싶어 100사이즈 선택
색감도 연한 핑크색이라 너무 귀엽구 두께는 적당한 편이다 디자인도 깔끔하고 핏도 예뻐서 가을에 바지랑 치마랑도 매치해서 자주 입을 것 같다


”제품을 …더보기"
15,th** ,23.08.23,이번 가을 준비는 미쏘에서 해봤는데 특히나 이 자켓이 가장 마음에 들었어요! 고퀄리티에 괜찮은 가격으로 가성비와 가심비 모두 잡은 상품이였구 화면에서 보는 상품의 느낌 이미지 컬러 디자인이 모두 동일해서 생각했던 옷 그대로 배송받아서 직접 보고 산것 …더보기
15,th** ,23.11.05,"가을 나들이 잘 즐기다왔어요 나름 따뜻하긴한데 딱 가을 봄용인듯하고 겨울엔 좀 추울것같아요 
남자친구도 보자마자 아우터 예쁘다고 칭찬 해주더라구요  퀄리티는 백화점입점 상품답게 마감이나 재질 탄탄해요 구매후 실밥정리안한 옷 몇 안 되는데 그 중 하나에…더보기"
15,12** ,23.11.04,왼쪽은 그냥 카메라로 찍었을때 색감. 오른쪽은 실제 옷 색상과 가장 비슷한 색상이라 다시 찍었어요~! 실제보면 오른쪽보다 훨씬 채도높고 뽀용~한 라이트핑크색상입니다!! 받자마자 넘 예뻐서 입고 놀러나가고싶은 옷이네요ㅡ 저는 딱 핏되게 입고 싶어서 16…더보기
16,jy** ,20.10.25,"남자친구랑 커플로 입으려고 샀습니다 제가 데쥬에서 옷을 자주 사는데 전에 자켓을 샀다가 하자 있는게 와서 이번에 주문넣자마자 문의드렸더니 배송도 4일만에 오고 하자 없이 완벽하게 왔습니다 :)
남자친구는 남녀공용으로 샀고 저는 키가 작아서 이 자켓으로…더보기"
16,11** ,20.10.25,"1. 가격에 비해 퀄리티 굉장히 좋은 편이나 역시 싼티가 좀 남
2. 색감 핏 화면이랑 같음(내 체형에 오버핏 딱 맞음)
3. 이거랑 세트인 슬랙스 안 사는 걸 추천함(슬랙스랑 따로따로 입는 게 더 예쁨) 진짜 사고 싶으면 자켓만 사세요
4. 배송 개…더보기"
16,th** ,21.03.12,"배송 : 주말 포함 8일만에 도착
장점 :
1. 가격이 저렴하고 가성비가 좋은 편
2. 저렴한 가격에 비해 재질이나 마감도 괜찮음
3. 색감이 너무 밝지 않아 무난하게 매치가 잘됨

단점 : 
1. 10대들이 입기에는 좋겠지만 20대 중반부터는 싼티가…더보기"
16,th** ,21.02.09,"ㅠㅜ 대 만 족 170 50후
딱 이런 핏 찾고있았는데 사길 고민한 제가 후회스럽습니다..ㅠ 빨리 살걸 짱예뻐요 실제보다 말라보여요ㅠㅠ 팔뚝살커버되고 몸통이 그냥 전체적으로 얇아보여서 대 만 족"
16,ol** ,22.11.21,사진만 봐도 너무 사랑스럽지 않나요🥺 착용감도 편하고 세트와 롱부츠의 조합이 기대 이상이에요- 팔은 접어입으면 이쁘고 어깨뽕도 적당이 들어가있어서 외소한 분들이 보완하시기에 좋은 핏이에요:) 엉덩이 덮는 기장으로 여러 핏을 연출할 수 있어요!
17,ye** ,23.05.21,"색상 완전 하얀색,,,
뭐라도 묻을까봐 조심하면서 입어야하는 느낌이라 자주 입을 것 같진 않아요.
생각보다 한여름엔 못 입을 소재감과 무게감이라서 이미 입을 시기를 지난 느낌이에요.
초가을 쯤에 입어볼게요,,,
그래도 옷은 예뻐요. 살찐 내 몸이 문제…더보기"
17,hy** ,23.04.12,"트위드 하면 로엠 ..❤️ 로엠 하면 트위드!!
항상 트위드를 구매할 때 날씨가 따뜻해지면 못 입을까 걱정했었는데, 반팔 트위드라니.,,, 걱정 없이 구매할 수 있어서 더 좋은 것 같아요! 기장감이나 핏도 적당하니 예쁘고, 무엇보다 디테일이 하나하나 …더보기"
17,05** ,23.10.04,누런느낌 전혀 없고 단추도 예뻐요! 키랑 체구가 작은데도 단추 다 잠갔을 때 처음엔 좀 작은가? 싶을 정도로 딱 맞았어요 근데 입다보면 작은 느낌 없이 너뮤 예뻐요!!! 격식있는 자리에 입기 좋은데 실밥이 군데군데 많아서 정리해줘야해요 내년에도 이런 …더보기
17,co** ,23.09.21,"xs사이즈 구매했는데 핏이 적당하고 딱 좋았습니다!
색깔도 아이보리가 아니라 화이트여서 원하던 색이였어요~
아쉬운 점이라면 보풀이 정말 잘 생기고 때가 금방 타네요ㅠ
그것만 제외하면 색상도 단추도 예쁘고 만족하는 옷이에요ㅎㅎ"
17,sa** ,23.08.27,"깔끔한 화이트 톤의 트위드 자켓입니다
부담스럽지 않은 트위드이고 깔끔한 트위드 조직이라 단정해보이는 제품입니다
다만 자켓 안쪽에 실이 튀어나온 부분이 있어 제품 검수가 잘 안된 듯 하여 아쉽습니다"
18,kb** ,23.10.25,"진짜 실물 깡패!!!
얇기 정도가 딱 지금 입기에 정말 좋은 것 같아요!
원단도 퀄리티가 있으며 츄리닝, 청바지 등 구애 받지 않고 휘뚜루마뚜루 잘 입을 수 있는 옷이에요!
생각보다 옷이 많이 크지만 예뻐서 입을 수밖에 없는 그런,,ㅎ
153인 저에게…더보기"
18,ss** ,21.10.21,"(사진에서 검은색으로 빗금친 부분은 제 에코백임다,,, 옷이랑 색깔이 비슷해서 옷으로 착각하실까봐! ㅎㅎ)

색상은 모델, 상세컷이랑 완전 똑같구, 크기는 생각보다 더 커요! (제가 워낙 왜소해서,,,🥲)
근데 이제 날씨 추워져서 안에 많이 껴입거나…더보기"
18,ca** ,21.11.01,"한 겹만 입기엔 넘 춥고,, 아직 너무 두꺼운 아우터는 좀 아닌 것 같은 바로 지금 낮에만 적당히 입기 괜찮아요
솔직히 질은 별로입니다 엄청 잘 구겨지구요, 얇아서 예쁜 각 잡기 어렵구요 길이 어정쩡하고 줄 당겨서 모양 잡아도 꽤 이상한 모양인데다 지…더보기"
18,ch** ,23.11.02,"핏이 여리여리해보이고 너무 이뻐요 
재질이 면이긴 하지만 생각보다 주름이 막 생기진 않아요
다만 아쉬운 점은 자크가 조금 저렴해보입니다
그래도 가볍게 걸치기도 좋고 배송도 빨랐어요
중딩딸이랑 같이 입고 너무 좋습니다
"
18,jh** ,23.10.08,디자인 예쁘고 휘뚜루템으로 잘 입을거같긴한데 주머니쪽이 찢어져있네요… 그리고 어깨쪽은 뭐 묻어있고 새옷이 맞나 의심스러워요ㅠ 검수좀 잘하고 보내주세요 이미 입어서 그냥 반품못하고 입는데 기분이 너무 안좋네여..
19,hu** ,22.11.23,이런 코트는 다 어깨장군되나봐요 근데 퀄도 좋고 제가 그냥 미쏘 이런데서 산거는 입으면 어깨 너무 아파서 담걸릴정도라 못입었눈데 이건 편해요 색도 이쁘고 잘 입을 것 같아요 한겨울은 좀 힘들듯요?!
19,dy** ,22.11.21,후기에서 좀 크단 말이 있어서 어떨까 궁금했는데 제가 키가 있어서 그런지 너무 이쁘게 잘 맞았어용 두께도 두껍고 질도 좋아서 한겨울 돼도 안에 껴입고 다니면 좋을 거 같아용 완전 이뻐요 최고😻
19,su** ,23.10.31,구석구석 탄탄하네요. 입고 움직일 때 생기는 어깨부분의 주름이 예쁘고 자연스러워서 마음에 들어요.   두툼해서 따뜻할 것 같아요. 자켓 안이 넉넉지는 않아서 얇은 니트 입고 걸쳐주려구요
19,rh** ,23.10.31,"작년에 사려고 장바구니에 담아두었다가 고민하다가
지인이 입으 모습 보고 
차콜 주문하려고 했는데 작년에 품절되다가 못사고
이번에 입고가 되는 사실을 알고
바로 주문했어요
생각한대로 너무 예쁘네요 
퀄리티 마음에 들고 핏도 잘 빠져서 너무 예뻐요 
자켓…더보기"
19,dl** ,23.10.27,"

상자에 잘 포장돼서 왔구 체구가 작은 편인데도 
심한 오버핏도 아니였고 딱 예쁘게 맞았어요!

퀄이 막 와 엄청 좋다!!!! 이정도는 아니고 가격대비 괜찮은 것 같아요! 단추 부분이 좀 우는 경향이 있고
내부 포켓이 있었으면 참 좋았을텐데 아쉬워요…더보기"
20,kd** ,23.10.24,"옷 자체는 무난하게 예쁘고 다 좋은데 실밥이 소매 어깨 주머니 등등 군데군데 있어서 열심히 미용해줬어요••
그리고 뭔가 미묘하게 하얀 먼지들이 붙어있어서 돌돌이까지 해줬네용
검수 좀만 더 꼼꼼히 해주셨으면 더 좋았을거같아요
그래두 옷은 딱 상상하던대로…더보기"
20,qk** ,23.10.24,"검은색 트위드가 사고 싶어서 구매했어요 10월에 입기 좋은 두께감이에요 더 추워지면 입기는 좀 힘들것 같고 코트 안에 입을 순 있을 것 같아요! 사이즈는 S이랑 M 고민하다가 슬림핏 말고 여유 있게 입고 싶어서 M으로 했는데 딱이에요
"
20,ka** ,23.09.21,"짜임이 고급스러워 맘에 들어요. 
색상도 블랙이라 어디든 매치하기 용이해서 좋고 
슬랙스나 청바지와 같이 매치해 출근룩으로 활용하기 좋아요 :-) 

판매자에게 제품비 일부를 지원받았지만 저의 솔직한 후기입니다"
20,el** ,23.09.18,"너무 마음에 들어요! 정말 휘뚜루마뚜루 잘 입을 옷이네요
하객룩으로도 좋을 것 같고 경조사용으로도 딱이고 퀄리티도 너무 만족스럽습니다
상체 통통에 162/52
두꺼운 팔뚝 가려줘서 넘 좋아요 딱 일자핏"
20,ki** ,23.09.17,"퀄리티좋은 베이직 트위드 자켓입니다.
가을에 입기에 좋아요! 초겨울까진
문제없겠어용~~
44반 사이즈 s로 핏팅히니 살짝 오버사이즈 되는것같아용



. ""판매자에게 제품비의 일부를 지원받았지만 저의 솔직한 후기입니다."""
21,k_** ,21.03.25,"4월 초 주말에 결혼식 갈 일이 급 생겨서 주문했는데, 하루만에 와서 너무 놀랬아요! 근데 주문하고 리뷰를 더 읽어보니 55사이즈 분들밖에 없더라구요ㅠㅠ
저는 159/56키로 66사이즈만 입을 수 있는 사람이라 조마조마 했는데! 생각보다 잘 맞아요ㅎㅎ…더보기"
21,ju** ,21.03.11,"자켓을 딱 만졌을때 살짝 도톰한 감이 느껴져요 많이 얇진않네요!! 딱 정석 블랙이고 팔은 길어요 그리고 어깨,, 가 다른 리뷰들에서처럼 살짝 커요 그래서 쬐끔 부담스러운 느낌이 있어요,, 근데 머리로 대충 가리고 ㅋㅋ 깔끔하게입기 좋네요! 안에 이너를…더보기"
21,ej** ,23.04.26,"포장 깔끔하게 와서 너무 마음에 들었어요
입었을 때 어깨가 각이져서 잠궈서 입으면 
너무 어깨가 각져서 단추를 잠그지 않고
풀어서 입을 때 예뻐요! 제 몸이 듬직해서 그런지
모델과 분위기는 좀 다르지만 질도 괜찮고
디자인도 깔끔해서 마음에 들어요"
21,be** ,23.03.30,"말모.. 블랙 너무 잘 입고 있어서 올라오자마자 구매했는데 넘 예뿌네요 ..🤍
외출하고 와서 대충 뜯자마자 입어 본 건데도 예뿌고 누오스 아이보리랑도 찰떡,, 
소재 얇아졌대서 덜 탄탄할까 걱정했는데 퀄리티 그대루 조아요 🥹"
21,dk** ,23.09.21,"어깨랑 팔뚝살 많은 상체발달체형이라 낑기면 어쩌지 했는데 안에 두꺼운 옷은 못입을 것 같긴 하지만 얇은 이너랑 입으면 딱 이쁜핏으로 떨어져서 좋아요
재질은 딱 가격정도의 느낌이었고 두께감은 살짝 도톰한 자켓이어서 코트꺼내기전까지 입으면 좋을 것 같아요"
22,ey** ,23.10.29,급하게 정장자켓이 필요해서 찾다가 발견했는데 너무 잘산거같아요! 제가 키가 작고 쫌 왜소해서 잘못사면 아빠옷 입은것처럼 보이는데 이거는 길이나 폼이 그냥 박시한느낌으로 잘 맞았어요! 세미정장느낌을 원했는데 딱 그런느낀이어서 좋았고 진짜 길이감이랑 핏이…더보기
22,6g** ,23.09.13,"결론: 아주 만족해요!! 베이지 컬러도 재구입 의사 100%

면접에서 입을 정장자켓이 없어서 급하게 주문했어요!!토요일 저녁 8시쯤 주문했고 (당일 밤에 출고됨) 일요일 지나 월요일 오전에 바로 도착했어요!!

와.. 지방인데도 이리 빠른 처리라니 …더보기"
22,xo** ,21.08.29,"일단 재질이 진짜 최고에요
사실 핏이나 다른 건 그냥 그냥 다른 자켓들이랑
별반 다를 바 없는데 재질이 유독 눈에 띄게 고급진 느낌..?? 
다만 품은 너무 크고 이에 반해 팔은 살짝 딱 맞는..? 팔살이 있으면 타이트했을 것 같은 느낌인게 좀 아쉽네…더보기"
22,ji** ,21.05.02,예뻐요 작년 때 구매했었는데 잘 입고 다니다가 잃어버려서 그냥 똑같은걸로 재구매했어용 뭔가 품이나 두께가 달라진거같은 느낌을 받았지만 괜찮아용 가볍게 걸치기에 딱 좋을정도로 얇아요 긋긋
22,38** ,20.04.12,키가 157이라 자켓 잘못입으면 아빠옷 훔쳐입은것같아서 길이는 수선했어요! 자르기 전 길이도 진짜 예쁜데 전 키가 작아서 수선한거구 마감이나 재질 진짜 완벽해요 편하고 ㅠㅠㅠㅠ 핏도 진짜 미쳤어요.. 다들 이거 사시기 바랍니다 .. 이거 사고 나갈곳없…더보기
23,jc** ,21.08.19,"일단 엄청 만족스러워요💗
다들 사이즈를 크케 시킨 분들이 많아서 s를 사야할지 계속 고민하다가 결국 s샀는데 딱 좋아요!!! 길이는 다 똑같다고 써있는데 길이도 저한테 딱 맞네요:)) 딱 엉덩이까지 가려져요!!! 
실밥이 여기저기 많은거 빼고는 엄청…더보기"
23,rk** ,21.07.16,"루즈핏으로 입고싶어서 m으로 했는데 더 작은 사이즈했어도 괜찮았을 것 같아요
색상은 완전 백아이보리는 아니고 크림색이 살짝 섞인 색입니다
안이 다 비칠반큼 얇긴하나 소재가 시원한 소재는 아니라 요즘같은 한여름엔 더워요
편하게 입기 좋습니다"
23,uj** ,21.07.11,"평소 55입는데 키가있어서 그런지 여유있게 약간 오버핏으로 예쁘게 입을수있어요
완전 얇아서 찰랑거리는 정돈아니예요
하지만 구김도 잘안가고 안에 박음질이 꼼꼼해서 더 만족스럽네요
어깨패드 걱정했는데 오히려 핏 잡아주는거 같아서 맘에들어용"
23,ds** ,21.07.08,"170/73이고 살이 급쪄서 77로 입는 상비에 엄청난 어깡입니다...
자켓은 오프에서만 사다가 급하게 약속이 잡혀서 직진배송으로 반팔자켓 사게 됬는데 생각보다 실물 착용샷 되게 이뻐요!! 검정이라 유행도 안 타고 괜찮은 것 같아용
그리고 다들 리뷰에…더보기"
23,mi** ,21.07.01,오자마자 잠옷 위에 입어본 ^^.. 단추부분이랑 옷 여미는 부분이 살짝 마감이 덜 되어있었고 배 부분 옷에 검은색으로 뭐가 묻어있더라구요 ㅠ 새옷 냄새도 확실히 많이 나고 어깨 뽕이 진짜 .. 뽕실하더라구요 ㅋㅋㅋㅋ 근데 전 그렇게 심하다고는 생각 안…더보기
24,pa** ,23.11.11,"트위드자켓 좋아하는 1인으로써 이때까지 구매한
트위드 자켓중 어깨핏이 저한테 가장 이뻤습니다 깔끔한 아이보리인줄 알고 구매했는데 펄감이 부담스럽지 않게 있어서 더더욱 이뻤구요 없었으면 밋밋했을듯..! 무엇보다 저렴한 가격에 퀄리티가 말이 안되게 좋아서…더보기"
24,hy** ,23.11.10,"결혼식 하객룩으로 구매했는데
만족스러운 트위드 자켓이네요!
🌈160/48kg기준으로 보면
🎀사이즈는 적당히 맞는편이긴 한데 통이커서 앞뒤로 많이 널널하네요
🎀재질은 생각보다 도톰하고 탄탄한 편이고 각을 잡아줘서 좋아요 두께도 있는편인데 날씨가 갑…더보기"
24,ra** ,23.11.09,"옷이 저렇게 실밥(?)이 나와있어요.. 자르면 안될 것 같고 멀리서 보면 티는 안나니까 그냥 입으려고요 단추 쪽 마감도 실이 다 나와있고.. ㅎㅎㅎ 옷은 따뜻하고 좋아요
잠그고 다니기엔 저에겐 딱 맞아서 풀어서 다닐 것 같아요 길이는 적당했어요"
24,db** ,23.11.08,"가격에 비해 퀄리티 좋아요! 모양도 예쁘고 따뜻해요
거칠거칠한재질에 은사가 섞여있는 옷이에요 수세미가 생각 난 달까요 ㅋㅋㅋ(살이 닿는부분 안감있어서 괜찮음!) 단추는 플라스틱인데 금속소리가 나는 느낌?? 막 싼티나는 느낌 아니여서 괜찮아요ㅎㅎ 
조금…더보기"
24,mi** ,23.11.07,"두꺼워서 겨울철 입기 좋아요
단추 걱정 좀 했는데 가벼운것 치고 싼티가 덜 나긴 합니다만 안나진 않네요ㅎㅎ. 
그래도 가격대에 비하면 전체적으론 괜찮아요.
그냥 싼티 나는거 싫으면 확실히 값나가는걸 선택하는게 맞는것 같습니다ㅎ 막입기 좋은거 같아서 잘…더보기"
25,wk** ,23.10.28,"옷자체는 예쁘고 핏 좋고 고급집니다! 근데 다른
후기들에도 있듯 흰색실밥? 먼지가 너무 많이 나와요ㅠ  탈탈털고 돌돌이하고 입었는데도 입고난 뒤에 하얀 고양이 안은 듯한 ㅋㅋㅋ 상태가 됩니다ㅜㅠ 그게 아쉬워서 하나 뺐어요!"
25,da** ,21.12.25,"솔직히 블랙컬러로 3사이즈 시키려다가 모르고 화이트 색상을 담아버려서...사이즈도2이고 ㅠㅠ 바꿀까 했지만 부담되지않은 컬러에 사이즈도 괜찮길래 입었어요!

우선 안에 뭔가를 껴입기도 해야하고 팔이 딱 맞을까봐 3사이즈를 시킬라했돈 건데 2사이즈도 널…더보기"
25,yo** ,23.03.08,"사이즈 적혀있는대로 구매했더니 딱 맞고 너무 예뻐용
퀄리티는 딱 가격 값하는 것 같아요
후기대로 실밥이 많이 떨어져서 찍찍이로 한번 밀고 입으려고요
배송도 빨리와서 입으려던 날에 입을 수 있겠네용"
25,tj** ,23.03.04,해당 제품 후기 만족도가 높은 것 같아서 구입해봤어요 근데 진짜 퀄리티 좋네요! 처음에 실밥이 많이 떨어진다고 해서 꺼내자마자 화장실가서 함 털으니깐 확 실밥 날리더라구요 그 이후는 그렇게 날리지 않는 것같아요 그리고 좀 얇진 않을까 생각했는데 재질도…더보기
25,cu** ,21.11.04,"자켓핏이 너무 예뻐요!
색감도 화사해서 데일리로나 격식있는 자리에 자주 입고 나갑니당 단추도 따로 사서 추가로 달아보니까 트위드느낌나고 고급져보여서 더 좋습니당!"
26,go** ,20.05.18,제가 요즘샀던옷중에 제일 사랑하고 뿌듯한옷이예요 질감도 나쁘지않거 핏도이뻐요 재질은 너무 좋아요 근데 77~88입으시는분들 한사이즈 작게사셔도 괜찮을듯해요 오히려 킨거사니깐 약간 어깨가 넓어보여요
26,ye** ,23.03.27,옷이 가볍고 원하던핏이라서 너무 좋아요 ㅜ ㅜ 길이도 맘에들어요 ! 개개인마다 원하는 핏이 있겠지만 저는 약간 딱붙는거보다 오버핏 그대로 원했던건데 진짜 오버핏이에요! ( 이상한 큰옷입은 느낌 X )
26,su** ,22.09.23,예전에 모카 색상도 구매했었는데 데일리로 입기 편해서 블랙도 하나 구매했어요! 딱 제가 원하는 오버핏이고 주름도 많이 지지 않아서 좋아요. 아무데나 휘뚜루 마뚜루 입기 좋습니다! 편해요.
26,wl** ,21.09.02,170센치인데 겁나 커요ㅋㅋㅋ 아빠꺼 입는듯한 느낌은 그래도 안나서 다행이고 두께는 생각보다 얇은편? 초가을 즈음에만 입을 수 있을거같네여! 그리고 모카모카 라기보단 뭔가 초록색이 약간 아주약간 섞인 색이에여 그래도 전체적으로 마음에 들어서 걍 입을라…더보기
26,wl** ,21.05.17,어깨가 많이 넓고 팔이 긴 편이라 사이즈1을 시키기엔 영 불안해서 2로 시켰는데 팔이 좀 짧긴 하지만 만족했어요!! 워낙 크게 나와서 부하게 보이는 것 같긴 하지만 그래도 착용감이랑 옷감 상태 좋았습니다:) 자켓 입고 주변 반응도 매우 좋아서 기분 좋…더보기
27,jy** ,23.10.08,"생각보다 광이 심하지 않아서 그렇게 싼티나ㅜ보이지는 않는거 같아요
생각보다 소매길이도 길고 품도 커서 여유있게 핏되는 옷이에요!!
레더자켓 입어본적이ㅜ없어서 입문용 느낌으로 사봤는데 잘 입고 다닐거 ㅅ같숩니당"
27,is** ,21.10.18,처음 왔을 때 냄새가 조금 나긴 했지만 며칠 밖에 두니까 확실히 냄새가 잘 안 났어요. 색은 처음 봤을 때 조금 어둡나? 싶었는데 입어보니까 그냥 그 색 그대로여서 만족스러웠고 밑에 끈으로 핏 조절 안 하니까 정말 이상한 핏이여서 당황했지만 핏 조절하…더보기
27,yo** ,21.10.07,"우선, 그리 고급진 느낌은 안 나는 것 같아요 
(별점이 4개인 이유..)

그렇다고 싼티가 나는 건 아니에요 ! 
그리고, 엄청 진한 검정은 아니에요 (화면보다는 조콤 밝은.?)

입어보니깐 얇게 기모안감이 있어서
집에서 시착해보니 조콤 더워지더라구…더보기"
27,so** ,23.11.04,"지금 제 최애 자켓이예요.
가죽자켓은 딱맞는 핏으로  입는걸 좋아하는데 딱 사이즈도 좋아요. 지금 입기 딱 좋아요.
컬러도 이쁘고 편하게 입는 중 입니다"
27,ek** ,21.10.13,"색상 블랙이랑 그레이색상 샀는데
그레이는 아직 안왔구요 블랙이 먼저왔는데 
가격대비 퀄리티 너무 좋아요,, 핏도 너무 이쁘구여 
밑에 조절끈으로 조절했을때랑 안했을때 다른느낌으로 입을수 있어서 좋아요 ! 기장도 너무 길지도 짧지도않은 적정선이라 아주 …더보기"
28,dm** ,23.09.26,"화면이랑 다른 옷인거 같아요
화면은 뒷트임이 없고 원단도 뭔가 차르르한 느낌이던데..
두께도 생각보다 있고 , 길이도 좀더 길었음 좋았을거 같아여
생각한거랑 달르지만 그래도 핏도 이쁘고 나쁘지 않네요
연휴때 입을거라 나름 만족하고 입으려구여
"
28,mo** ,22.10.13,"추석 세일때 3.2에 샀습니다. 그 당시에도 후기가 좋아서 후기들 믿고 샀어요. 가격이 왜 저렇게 싼가 했는데, 타 브랜드 자켓에 비해 옷감의 밀도가 낮아서 주름이 꽤 남는 소재입니다. 재질이 썩 좋은 편은 아니지만, 스팀 다리미로 다리면 주름은 잘 …더보기"
28,je** ,22.09.22,"저는 솔직히 아우터는 비싼거 입어야한다 주의라서 웬만하면 이런 쇼핑몰에서 자켓은 잘 안사는 사람입니다. 근데 솔직히 놀라고 괜찮은 부분이 많아서 이렇게 후기를 남겨요! 결론적으로 다른 색 재구매 의사 있습니다.

색상 : 전반적으로 쿨톤에게 적합한 노…더보기"
28,ha** ,22.09.22,가격도 저렴하고 베이지 자켓도 없어서 구매해봤는데 대대만족입니다 .. 🫶🏻 완전 기본에 살짝 오버핏이라 핏도 너무 예쁘구 탄탄하니 재질도 좋아용 검은색도 하나 살까 고민중입니드 다들 주저말고 구매가세용
28,th** ,22.09.14,"후기보고 고민도 안하고 시켰는데 너무 좋네요...
너는 어깨가 좁아서 어깨패드 들어간 옷을 좋아하는데 이거 최고에요 ㅜㅜ 다만 제가 샀을때는 세일을 많이해서 3만원 중반대얐는데 조금 비싸졌네여 하지만 퀄리티가 좋으니까 차콜도 시키러가겠습니다"
29,yu** ,21.04.21,플리츠스커트랑 세트로 입고싶어서 산건데 왜 이제야 샀는지 참 후기보니까 옷걸이랑 같이온다해서 신기했는데 진짜 옷걸이에 딱 예쁘게 와서 한 번 더 반했어요ㅠㅠ 블랙업에서 옷 처음사보는데 다음에 또 구매할거같아요 질도 진짜 좋고 어깨뽕이 있어서 살짝 어깡…더보기
29,yu** ,21.03.14,"셋업으로 구매했는데
자켓이 딱 이뻐요!!
보통 제 체구에 다른 크롭자켓 사면 애매하게 크고 그래서 반품하는 경우가 많았는데 블랙업껀 정말 잘 맞고 이쁘네요퓨ㅠㅠ
색상도 잘빠졌습니당
세트로 구매하시는 거 추천드려요!"
29,ha** ,21.02.15,길이도 딱 원하는데로 딱 떨어져서 진짜 마음에 들어요! 재질이 살짝 얇은감이 있나 했는데 입어보면 얇다는 생각이 안나고 부드럽고 좋습니다.  곧 봄이 오는데 입기 딱 적당한것 같아요ㅎㅎ 어깨에 패드까지 있어서 핏도 예쁩니다~
29,wj** ,21.01.13,어깨뽕이 너무 과하지 않을까 생각했는데 하나도 과하지않았고 핏이 너무 예뻤어요 특별한 날 입었는데 진짜 분위기 바로 압살해버리는 그런 느낌이에요 엄청 고민하면서 샀는데 왜그랬나 싶어요 살짝 얇지만 실내에서 입은거라 아무렇지 않았숩니당  ◡̈ 그리고 크…더보기
29,ks** ,21.09.25,"롤리 셋업 수트 사고 싶은데 도미닉 슬랙스가 이미 있으신분들!!!!
롤리 슬랙스가 짧을까 봐/길까 봐 도미닉 슬랙스 사려는 분들!!!!

롤리랑 도미닉 원단 똑같습니다
다르더라도 육안으로 구분 안될 정도로 비슷해요
셋업으로 입어도 전~~~혀 티나지 않…더보기"
30,kk** ,21.07.19,"사실 설명글도 안읽고 후기도 안보고 그냥 예쁘길래 샀어요!
배송 받았더니 너무 시원한 재질이고 구김도 아예없어서 좋았어요! 린넨 자켓은 구김이 너무 심해서 손이 안가더라구요 ㅠㅠ  쿨링자켓은 그럴 걱저없이 유행도 없이 쭉 입을 수 있을 것 같아요🤍✨…더보기"
30,al** ,21.06.07,"배송이 좀 늦긴했는데 포장 너무 예쁘고
다들 너무 크다고하는데 저는 오히려 체구가 정말 작은편이여서 이렇게 핏을 살려주는 옷이 너무 좋아요ㅠㅠ 색깔은 생각보다 밝은편이긴 하지만 어느 톤에 다 잘어울릴만한 화사한 컬러고, 툭 떨어지는 핏이 정말 예쁘네요"
30,my** ,23.06.28,"일단 핏이 너무 이쁘고 마음에 들어요! 가벼워서 시원하구요! 어깨뽕이 좀 심한거 같아서 뺄지말지 고민중인데 일단 입고있어요! 요즘 제 교복입니당
다만 썸머자켓인데도 저렴한 가격이 아닌데 실밥들이.. 
마감처리에 신경좀 써줬으면 좋겠어요  
또 하나, …더보기"
30,ah** ,23.08.09,"생각보다 네모난 모습이에요. 사진에선 포즈때문에 네모로 안보인 거 같아요. 완전 고퀄리티라 깜짝 놀랐어요!! 여기단골 등록 ♡.♡ 엄청 얇아서 여름에.입기 딱 좋을 거 같습니당. 제 키가 작으니 사진보시는 분들은 참고하세용

(키154)"
30,pp** ,22.06.10,"일단 배송 너어어어무 느렸음…. 그래서 취소할까 말까 하다가 꾹 참아봤는데 역시…퀄 너무 좋구요 비닐 안에 예쁘게 접어서 와서 기분이 좋았어요:) 받아보니 린넨 느낌이라 지금 입기는 살짝 춥고 6월 말이면 입을 수 있을 듯요!
근데 어깨 패드가 비쳐서…더보기"
